timestamp,prediction,probability
2026-03-04 13:04:16.119164,0,0.10700120057532475
2026-03-04 13:04:55.809028,0,0.10700120057532475
2026-03-04 13:05:24.850324,0,0.3396555147038624
2026-03-04 13:24:43.350734,0,0.3260077810576649
2026-03-04 13:27:41.747315,0,0.3260077810576649
2026-03-04 13:34:29.136540,0,0.3260077810576649
2026-03-04 13:38:11.253678,0,0.3260077810576649
2026-03-04 13:41:50.717061,0,0.3260077810576649
2026-03-04 13:55:38.240040,0,0.3260077810576649
2026-03-04 13:55:51.224456,0,0.3260077810576649
2026-03-11 04:51:09.393453,0,0.10700120057532475
